thumbnail_url, url, style_id
"http://placeimg.com/640/480", "http://placeimg.com/640/480", 13
"http://placeimg.com/640/480", "http://placeimg.com/640/480", 8
"http://placeimg.com/640/480", "http://placeimg.com/640/480", 8
"http://placeimg.com/640/480", "http://placeimg.com/640/480", 4
"http://placeimg.com/640/480", "http://placeimg.com/640/480", 5
"http://placeimg.com/640/480", "http://placeimg.com/640/480", 4
"http://placeimg.com/640/480", "http://placeimg.com/640/480", 16
"http://placeimg.com/640/480", "http://placeimg.com/640/480", 3
"http://placeimg.com/640/480", "http://placeimg.com/640/480", 16
"http://placeimg.com/640/480", "http://placeimg.com/640/480", 4
"http://placeimg.com/640/480", "http://placeimg.com/640/480", 4
"http://placeimg.com/640/480", "http://placeimg.com/640/480", 17
"http://placeimg.com/640/480", "http://placeimg.com/640/480", 15
"http://placeimg.com/640/480", "http://placeimg.com/640/480", 12
"http://placeimg.com/640/480", "http://placeimg.com/640/480", 15
"http://placeimg.com/640/480", "http://placeimg.com/640/480", 12
"http://placeimg.com/640/480", "http://placeimg.com/640/480", 11
"http://placeimg.com/640/480", "http://placeimg.com/640/480", 11
"http://placeimg.com/640/480", "http://placeimg.com/640/480", 3
"http://placeimg.com/640/480", "http://placeimg.com/640/480", 12
"http://placeimg.com/640/480", "http://placeimg.com/640/480", 9
"http://placeimg.com/640/480", "http://placeimg.com/640/480", 13
"http://placeimg.com/640/480", "http://placeimg.com/640/480", 13
"http://placeimg.com/640/480", "http://placeimg.com/640/480", 2
"http://placeimg.com/640/480", "http://placeimg.com/640/480", 9
